Workbook

Sheet Start Here
A1: Outreach Test Tracker
A3: Goal | B3: Contact 100 qualified local trades businesses in about 6 weeks, then read the numbers on the Dashboard and decide what to change. (100 and 6 are editable on the Dashboard.)
A4: How to use | B4: 1) Add each business to the Prospects tab, one row each. 2) Run the 5-step vetting check below BEFORE building anything. 3) Update Date contacted, Replied, Draft shown, and Status as things happen. 4) Dashboard and Weekly fill in automatically.
A5: Colors | B5: Blue text = a number you chose and can change. Yellow cells = cells you are meant to fill in. Black text = formulas, do not type over them.
A6: 5-step vetting check | B6: 1) Search the business name on regular Google (not the ad listing). 2) On the normal Google Maps listing, look for a Website button. 3) Check their Facebook About section for a link. 4) Search the name plus city and scan page one. 5) If all four show no site, mark Website status = No site. If the site is clearly bad (not mobile friendly, very slow, outdated, no call button), mark Bad site. Otherwise mark Has good site and set Status = Skipped.
A7: Status meanings | B7: New = found, not contacted. Contacted = first message sent. Replied = they answered. Draft shown = they saw your sample. Interested = asked about price or next steps. Closed won = paying client. Closed lost = said no. No response = no reply after one follow-up. Skipped = failed vetting.
A8: Follow-up rule | B8: Follow up once, about 3 days after the first contact. The Follow-up due column flags these. After one follow-up with no reply, set Status = No response and move on.
A9: Stop and change rule | B9: If you have contacted all your target businesses with zero sales, change ONE thing at a time (niche, offer, price, or how you reach people) and run another batch.
A10: Assumptions to replace | B10: Close-rate scenarios on the Dashboard (1%, 3%, 5%) are planning guesses from our conversation, not market data. Replace them with your real close rate once you have results.
A12: Example row (format only; do not copy into Prospects)
A13: Business | B13: Trade | C13: Town | D13: Phone | E13: Rating | F13: Reviews | G13: Website status | H13: Passed vetting | I13: Date contacted | J13: Channel | K13: Replied | L13: Draft shown | M13: Status | N13: Setup fee | O13: Monthly fee
A14: Example Plumbing Co. | B14: Plumber | C14: Pace | D14: (850) 555-0100 | E14: 4.7 | F14: 82 | G14: No site | H14: Yes | I14: 46301 | J14: Call | K14: Yes | L14: Yes | M14: Draft shown

Sheet Dashboard
A1: Dashboard
A3: Inputs (change these)
A4: Test start date | B4: 46300 | C4: Monday of your first outreach week
A5: Target businesses to contact | B5: 100 | C5: From our plan: 100 qualified businesses
A6: Test length (weeks) | B6: 6 | C6: From our plan: about 6 weeks
A7: Typical setup fee ($) | B7: 1000 | C7: Planning number from our pricing discussion; first client may be half price
A8: Typical monthly fee ($) | B8: 50 | C8: Planning number from our pricing discussion
A9: Minutes per outreach (vetting + message) | B9: 10 | C9: Estimate; replace with your real time
A10: Hours per draft site | B10: 2 | C10: Estimate; replace with your real time
A12: Results (automatic)
A13: Prospects logged | B13: =COUNTA(Prospects!$B$2:$B$201)
A14: Skipped after vetting | B14: =COUNTIF(Prospects!$N$2:$N$201,"Skipped")
A15: Businesses contacted | B15: =COUNT(Prospects!$J$2:$J$201)
A16: Replies | B16: =COUNTIF(Prospects!$L$2:$L$201,"Yes")
A17: Reply rate | B17: =IF(B15=0,0,B16/B15)
A18: Drafts shown | B18: =COUNTIF(Prospects!$M$2:$M$201,"Yes")
A19: Clients won | B19: =COUNTIF(Prospects!$N$2:$N$201,"Closed won")
A20: Close rate (won / contacted) | B20: =IF(B15=0,0,B19/B15)
A21: Setup revenue ($) | B21: =SUMIFS(Prospects!$O$2:$O$201,Prospects!$N$2:$N$201,"Closed won")
A22: Monthly recurring revenue ($) | B22: =SUMIFS(Prospects!$P$2:$P$201,Prospects!$N$2:$N$201,"Closed won")
A23: Estimated hours worked | B23: =B15*B9/60+B18*B10
A24: Setup revenue per hour worked ($) | B24: =IF(B23=0,0,B21/B23)
A25: Contacts remaining to reach target | B25: =MAX(0,B5-B15)
A27: Signal | B27: =IF(B15<B5,"Keep going: "&B25&" more contacts to finish the test",IF(B19=0,"Test finished with no sales: change ONE thing (niche, offer, price, or channel)","Test finished: demand shown ("&B19&" sales)"))
A29: What-if: results from your target number of contacts
A30: Close rate (planning guess) | B30: Clients | C30: Setup revenue ($) | D30: Monthly recurring ($) | E30: Year-1 revenue ($, no cancellations)
A31: 0.01 | B31: =$B$5*A31 | C31: =B31*$B$7 | D31: =B31*$B$8 | E31: =C31+D31*12
A32: 0.03 | B32: =$B$5*A32 | C32: =B32*$B$7 | D32: =B32*$B$8 | E32: =C32+D32*12
A33: 0.05 | B33: =$B$5*A33 | C33: =B33*$B$7 | D33: =B33*$B$8 | E33: =C33+D33*12
A35: Note: 1%, 3%, and 5% are planning guesses from our conversation, not data. Replace with your actual close rate.

Sheet Prospects
A1: # | B1: Business | C1: Trade | D1: Town | E1: Phone | F1: Google rating | G1: Reviews | H1: Website status | I1: Passed vetting | J1: Date contacted | K1: Channel | L1: Replied | M1: Draft shown | N1: Status | O1: Setup fee ($) | P1: Monthly fee ($) | Q1: Follow-up due | R1: Notes
A2: 1 | Q2: =IF(AND(J2<>"",L2<>"Yes",N2<>"Closed won",N2<>"Closed lost",N2<>"No response",N2<>"Skipped",TODAY()-J2>=3),"Follow up","")
A3: 2 | Q3: =IF(AND(J3<>"",L3<>"Yes",N3<>"Closed won",N3<>"Closed lost",N3<>"No response",N3<>"Skipped",TODAY()-J3>=3),"Follow up","")
A4: 3 | Q4: =IF(AND(J4<>"",L4<>"Yes",N4<>"Closed won",N4<>"Closed lost",N4<>"No response",N4<>"Skipped",TODAY()-J4>=3),"Follow up","")
A5: 4 | Q5: =IF(AND(J5<>"",L5<>"Yes",N5<>"Closed won",N5<>"Closed lost",N5<>"No response",N5<>"Skipped",TODAY()-J5>=3),"Follow up","")
A6: 5 | Q6: =IF(AND(J6<>"",L6<>"Yes",N6<>"Closed won",N6<>"Closed lost",N6<>"No response",N6<>"Skipped",TODAY()-J6>=3),"Follow up","")
A7: 6 | Q7: =IF(AND(J7<>"",L7<>"Yes",N7<>"Closed won",N7<>"Closed lost",N7<>"No response",N7<>"Skipped",TODAY()-J7>=3),"Follow up","")
A8: 7 | Q8: =IF(AND(J8<>"",L8<>"Yes",N8<>"Closed won",N8<>"Closed lost",N8<>"No response",N8<>"Skipped",TODAY()-J8>=3),"Follow up","")
A9: 8 | Q9: =IF(AND(J9<>"",L9<>"Yes",N9<>"Closed won",N9<>"Closed lost",N9<>"No response",N9<>"Skipped",TODAY()-J9>=3),"Follow up","")
A10: 9 | Q10: =IF(AND(J10<>"",L10<>"Yes",N10<>"Closed won",N10<>"Closed lost",N10<>"No response",N10<>"Skipped",TODAY()-J10>=3),"Follow up","")
A11: 10 | Q11: =IF(AND(J11<>"",L11<>"Yes",N11<>"Closed won",N11<>"Closed lost",N11<>"No response",N11<>"Skipped",TODAY()-J11>=3),"Follow up","")
A12: 11 | Q12: =IF(AND(J12<>"",L12<>"Yes",N12<>"Closed won",N12<>"Closed lost",N12<>"No response",N12<>"Skipped",TODAY()-J12>=3),"Follow up","")
A13: 12 | Q13: =IF(AND(J13<>"",L13<>"Yes",N13<>"Closed won",N13<>"Closed lost",N13<>"No response",N13<>"Skipped",TODAY()-J13>=3),"Follow up","")
... A201: 200 | Q201: =IF(AND(J201<>"",L201<>"Yes",N201<>"Closed won",N201<>"Closed lost",N201<>"No response",N201<>"Skipped",TODAY()-J201>=3),"Follow up","")

Sheet Weekly
A1: Weekly progress (grouped by the week you first contacted the business)
A3: Week | B3: Week starts | C3: Target contacts | D3: Contacted | E3: % of target | F3: Replies | G3: Drafts shown | H3: Clients won
A4: 1 | B4: =Dashboard!$B$4+7*(A4-1) | C4: =IF(A4>Dashboard!$B$6,0,ROUNDUP(Dashboard!$B$5/Dashboard!$B$6,0)) | D4: =COUNTIFS(Prospects!$J$2:$J$201,">="&B4,Prospects!$J$2:$J$201,"<"&B4+7) | E4: =IF(C4=0,0,D4/C4) | F4: =COUNTIFS(Prospects!$J$2:$J$201,">="&B4,Prospects!$J$2:$J$201,"<"&B4+7,Prospects!$L$2:$L$201,"Yes") | G4: =COUNTIFS(Prospects!$J$2:$J$201,">="&B4,Prospects!$J$2:$J$201,"<"&B4+7,Prospects!$M$2:$M$201,"Yes") | H4: =COUNTIFS(Prospects!$J$2:$J$201,">="&B4,Prospects!$J$2:$J$201,"<"&B4+7,Prospects!$N$2:$N$201,"Closed won")
A5: 2 | B5: =Dashboard!$B$4+7*(A5-1) | C5: =IF(A5>Dashboard!$B$6,0,ROUNDUP(Dashboard!$B$5/Dashboard!$B$6,0)) | D5: =COUNTIFS(Prospects!$J$2:$J$201,">="&B5,Prospects!$J$2:$J$201,"<"&B5+7) | E5: =IF(C5=0,0,D5/C5) | F5: =COUNTIFS(Prospects!$J$2:$J$201,">="&B5,Prospects!$J$2:$J$201,"<"&B5+7,Prospects!$L$2:$L$201,"Yes") | G5: =COUNTIFS(Prospects!$J$2:$J$201,">="&B5,Prospects!$J$2:$J$201,"<"&B5+7,Prospects!$M$2:$M$201,"Yes") | H5: =COUNTIFS(Prospects!$J$2:$J$201,">="&B5,Prospects!$J$2:$J$201,"<"&B5+7,Prospects!$N$2:$N$201,"Closed won")
A6: 3 | B6: =Dashboard!$B$4+7*(A6-1) | C6: =IF(A6>Dashboard!$B$6,0,ROUNDUP(Dashboard!$B$5/Dashboard!$B$6,0)) | D6: =COUNTIFS(Prospects!$J$2:$J$201,">="&B6,Prospects!$J$2:$J$201,"<"&B6+7) | E6: =IF(C6=0,0,D6/C6) | F6: =COUNTIFS(Prospects!$J$2:$J$201,">="&B6,Prospects!$J$2:$J$201,"<"&B6+7,Prospects!$L$2:$L$201,"Yes") | G6: =COUNTIFS(Prospects!$J$2:$J$201,">="&B6,Prospects!$J$2:$J$201,"<"&B6+7,Prospects!$M$2:$M$201,"Yes") | H6: =COUNTIFS(Prospects!$J$2:$J$201,">="&B6,Prospects!$J$2:$J$201,"<"&B6+7,Prospects!$N$2:$N$201,"Closed won")
A7: 4 | B7: =Dashboard!$B$4+7*(A7-1) | C7: =IF(A7>Dashboard!$B$6,0,ROUNDUP(Dashboard!$B$5/Dashboard!$B$6,0)) | D7: =COUNTIFS(Prospects!$J$2:$J$201,">="&B7,Prospects!$J$2:$J$201,"<"&B7+7) | E7: =IF(C7=0,0,D7/C7) | F7: =COUNTIFS(Prospects!$J$2:$J$201,">="&B7,Prospects!$J$2:$J$201,"<"&B7+7,Prospects!$L$2:$L$201,"Yes") | G7: =COUNTIFS(Prospects!$J$2:$J$201,">="&B7,Prospects!$J$2:$J$201,"<"&B7+7,Prospects!$M$2:$M$201,"Yes") | H7: =COUNTIFS(Prospects!$J$2:$J$201,">="&B7,Prospects!$J$2:$J$201,"<"&B7+7,Prospects!$N$2:$N$201,"Closed won")
A8: 5 | B8: =Dashboard!$B$4+7*(A8-1) | C8: =IF(A8>Dashboard!$B$6,0,ROUNDUP(Dashboard!$B$5/Dashboard!$B$6,0)) | D8: =COUNTIFS(Prospects!$J$2:$J$201,">="&B8,Prospects!$J$2:$J$201,"<"&B8+7) | E8: =IF(C8=0,0,D8/C8) | F8: =COUNTIFS(Prospects!$J$2:$J$201,">="&B8,Prospects!$J$2:$J$201,"<"&B8+7,Prospects!$L$2:$L$201,"Yes") | G8: =COUNTIFS(Prospects!$J$2:$J$201,">="&B8,Prospects!$J$2:$J$201,"<"&B8+7,Prospects!$M$2:$M$201,"Yes") | H8: =COUNTIFS(Prospects!$J$2:$J$201,">="&B8,Prospects!$J$2:$J$201,"<"&B8+7,Prospects!$N$2:$N$201,"Closed won")
A9: 6 | B9: =Dashboard!$B$4+7*(A9-1) | C9: =IF(A9>Dashboard!$B$6,0,ROUNDUP(Dashboard!$B$5/Dashboard!$B$6,0)) | D9: =COUNTIFS(Prospects!$J$2:$J$201,">="&B9,Prospects!$J$2:$J$201,"<"&B9+7) | E9: =IF(C9=0,0,D9/C9) | F9: =COUNTIFS(Prospects!$J$2:$J$201,">="&B9,Prospects!$J$2:$J$201,"<"&B9+7,Prospects!$L$2:$L$201,"Yes") | G9: =COUNTIFS(Prospects!$J$2:$J$201,">="&B9,Prospects!$J$2:$J$201,"<"&B9+7,Prospects!$M$2:$M$201,"Yes") | H9: =COUNTIFS(Prospects!$J$2:$J$201,">="&B9,Prospects!$J$2:$J$201,"<"&B9+7,Prospects!$N$2:$N$201,"Closed won")
A10: 7 | B10: =Dashboard!$B$4+7*(A10-1) | C10: =IF(A10>Dashboard!$B$6,0,ROUNDUP(Dashboard!$B$5/Dashboard!$B$6,0)) | D10: =COUNTIFS(Prospects!$J$2:$J$201,">="&B10,Prospects!$J$2:$J$201,"<"&B10+7) | E10: =IF(C10=0,0,D10/C10) | F10: =COUNTIFS(Prospects!$J$2:$J$201,">="&B10,Prospects!$J$2:$J$201,"<"&B10+7,Prospects!$L$2:$L$201,"Yes") | G10: =COUNTIFS(Prospects!$J$2:$J$201,">="&B10,Prospects!$J$2:$J$201,"<"&B10+7,Prospects!$M$2:$M$201,"Yes") | H10: =COUNTIFS(Prospects!$J$2:$J$201,">="&B10,Prospects!$J$2:$J$201,"<"&B10+7,Prospects!$N$2:$N$201,"Closed won")
A11: 8 | B11: =Dashboard!$B$4+7*(A11-1) | C11: =IF(A11>Dashboard!$B$6,0,ROUNDUP(Dashboard!$B$5/Dashboard!$B$6,0)) | D11: =COUNTIFS(Prospects!$J$2:$J$201,">="&B11,Prospects!$J$2:$J$201,"<"&B11+7) | E11: =IF(C11=0,0,D11/C11) | F11: =COUNTIFS(Prospects!$J$2:$J$201,">="&B11,Prospects!$J$2:$J$201,"<"&B11+7,Prospects!$L$2:$L$201,"Yes") | G11: =COUNTIFS(Prospects!$J$2:$J$201,">="&B11,Prospects!$J$2:$J$201,"<"&B11+7,Prospects!$M$2:$M$201,"Yes") | H11: =COUNTIFS(Prospects!$J$2:$J$201,">="&B11,Prospects!$J$2:$J$201,"<"&B11+7,Prospects!$N$2:$N$201,"Closed won")
A12: Total | C12: =SUM(C4:C11) | D12: =SUM(D4:D11) | E12: =IF(C12=0,0,D12/C12) | F12: =SUM(F4:F11) | G12: =SUM(G4:G11) | H12: =SUM(H4:H11)
A14: Weeks beyond your test length show a target of 0. Change the test length on the Dashboard.
